time,Covid_Vaccine,Election,Police_Reform
1,72.6435152,38.934426,30.06666
2,74.3679775,38.353272,30.10752
3,74.5056497,44.5690259,31.975
4,74.72375,43.9643347,32.2
5,68.7841,43.9106901,32.9292
6,73.029645,42.2253922,34.1313269
